/*
 Navicat Premium Data Transfer

 Source Server         : host
 Source Server Type    : MySQL
 Source Server Version : 50621
 Source Host           : localhost
 Source Database       : fifty

 Target Server Type    : MySQL
 Target Server Version : 50621
 File Encoding         : utf-8

 Date: 11/01/2014 15:21:11 PM
*/

SET NAMES utf8;
SET FOREIGN_KEY_CHECKS = 0;

-- ----------------------------
--  Table structure for `Course`
-- ----------------------------
DROP TABLE IF EXISTS `Course`;
CREATE TABLE `Course` (
  `CouId` int(11) NOT NULL,
  `CouName` varchar(255) DEFAULT NULL,
  `TeaId` int(11) DEFAULT NULL,
  PRIMARY KEY (`CouId`)
) ENGINE=InnoDB DEFAULT CHARSET=utf8;

-- ----------------------------
--  Records of `Course`
-- ----------------------------
BEGIN;
INSERT INTO `Course` VALUES ('1', '企业管理', '2'), ('2', '马克思', '8'), ('3', 'UML', '6'), ('4', '数据库', '7'), ('5', '逻辑电路', '6'), ('6', '英语', '3'), ('7', '电子电路', '5'), ('8', '思想概论', '4'), ('9', '西方哲学史', '12'), ('10', '线性代数', '17'), ('11', '计算机基础', '13'), ('12', 'AUTO CAD制图', '15'), ('13', '平面设计', '11'), ('14', 'Flash动漫', '1'), ('15', 'Java开发', '9'), ('16', 'C#基础', '2'), ('17', 'Oracl数据库原理', '10');
COMMIT;

-- ----------------------------
--  Table structure for `Score`
-- ----------------------------
DROP TABLE IF EXISTS `Score`;
CREATE TABLE `Score` (
  `ScoId` int(11) NOT NULL,
  `CouId` int(11) NOT NULL,
  `score` smallint(255) DEFAULT NULL
) ENGINE=InnoDB DEFAULT CHARSET=utf8;

-- ----------------------------
--  Records of `Score`
-- ----------------------------
BEGIN;
INSERT INTO `Score` VALUES ('1001', '3', '90'), ('1001', '2', '87'), ('1001', '1', '96'), ('1001', '10', '85'), ('1002', '3', '70'), ('1002', '2', '87'), ('1002', '1', '42'), ('1002', '10', '65'), ('1003', '6', '78'), ('1003', '3', '70'), ('1003', '5', '70'), ('1003', '1', '32'), ('1003', '10', '85'), ('1003', '11', '21'), ('1004', '7', '90'), ('1004', '2', '87'), ('1005', '1', '23'), ('1006', '15', '85'), ('1006', '6', '46'), ('1006', '3', '59'), ('1006', '4', '70'), ('1006', '1', '99'), ('1007', '11', '85'), ('1007', '6', '84'), ('1007', '3', '72'), ('1007', '2', '87'), ('1008', '1', '94'), ('1008', '12', '85'), ('1008', '6', '32'), ('1009', '3', '90'), ('1009', '2', '82'), ('1009', '1', '96'), ('1009', '10', '82'), ('1009', '8', '92'), ('1010', '3', '90'), ('1010', '2', '87'), ('1010', '1', '96'), ('1011', '9', '24'), ('1011', '9', '25'), ('1012', '3', '30'), ('1013', '2', '37'), ('1013', '1', '16'), ('1013', '7', '55'), ('1013', '6', '42'), ('1013', '12', '34'), ('1000', '4', '16'), ('1002', '4', '55'), ('1004', '4', '42'), ('1008', '4', '34'), ('1013', '16', '86'), ('1013', '16', '44'), ('1000', '14', '75'), ('1002', '16', '100'), ('1004', '1', '83'), ('1008', '13', '97');
COMMIT;

-- ----------------------------
--  Table structure for `Student`
-- ----------------------------
DROP TABLE IF EXISTS `Student`;
CREATE TABLE `Student` (
  `StuId` int(10) NOT NULL,
  `StuName` varchar(255) DEFAULT NULL,
  `StuSage` smallint(2) DEFAULT NULL,
  `StuSex` char(50) DEFAULT NULL,
  PRIMARY KEY (`StuId`)
) ENGINE=InnoDB DEFAULT CHARSET=utf8;

-- ----------------------------
--  Records of `Student`
-- ----------------------------
BEGIN;
INSERT INTO `Student` VALUES ('1000', '张无忌', '18', '男'), ('1001', '周芷若', '19', '女'), ('1002', '杨过', '19', '男'), ('1003', '赵敏', '18', '女'), ('1004', '小龙女', '17', '女'), ('1005', '张三丰', '18', '男'), ('1006', '令狐冲', '19', '男'), ('1007', '任盈盈', '20', '女'), ('1008', '岳灵珊', '19', '女'), ('1009', '韦小宝', '18', '男'), ('1010', '康敏', '17', '女'), ('1011', '萧峰', '19', '男'), ('1012', '黄蓉', '18', '女'), ('1013', '郭靖', '19', '男'), ('1014', '周伯通', '19', '男'), ('1015', '瑛姑', '20', '女'), ('1016', '李秋水', '21', '女'), ('1017', '黄药师', '18', '男'), ('1018', '李莫愁', '18', '女'), ('1019', '冯默风', '17', '男'), ('1020', '王重阳', '17', '男'), ('1021', '郭襄', '18', '女');
COMMIT;

-- ----------------------------
--  Table structure for `Teacher`
-- ----------------------------
DROP TABLE IF EXISTS `Teacher`;
CREATE TABLE `Teacher` (
  `TeaId` int(11) NOT NULL,
  `TeaName` varchar(255) DEFAULT NULL,
  PRIMARY KEY (`TeaId`)
) ENGINE=InnoDB DEFAULT CHARSET=utf8;

-- ----------------------------
--  Records of `Teacher`
-- ----------------------------
BEGIN;
INSERT INTO `Teacher` VALUES ('1', '姚明'), ('2', '叶平'), ('3', '叶开'), ('4', '孟星魂'), ('5', '独孤求败'), ('6', '裘千仞'), ('7', '裘千尺'), ('8', '赵志敬'), ('9', '阿紫'), ('10', '郭芙蓉'), ('11', '佟湘玉'), ('12', '白展堂'), ('13', '吕轻侯'), ('14', '李大嘴'), ('15', '花无缺'), ('16', '金不换'), ('17', '乔丹');
COMMIT;

SET FOREIGN_KEY_CHECKS = 1; 
